name,price,url
Philips HD7462/20 Daily Collection Filtre Kahve Makinesi,1.988.39 +116 FİYAT,"https://www.akakce.com/filtre-kahve-makinesi/en-ucuz-philips-hd7462-20-daily-collection-kahve-makinesi-fiyati,4641698.html"
Philips HD7430/90 Essentials Collection Filtre Kahve Makinesi,2.287.12 +15 FİYAT,"https://www.akakce.com/filtre-kahve-makinesi/en-ucuz-philips-hd7430-90-fiyati,895441810.html"
Vestel Taze Öğütücülü Filtre Kahve Makinesi,3.799.00 +22 FİYAT,"https://www.akakce.com/filtre-kahve-makinesi/en-ucuz-vestel-taze-ogutuculu-kahve-makinesi-fiyati,577340581.html"
Homend Coffeebreak 5009H Öğütücülü Filtre Kahve Makinesi,3.429.02 +22 FİYAT,"https://www.akakce.com/filtre-kahve-makinesi/en-ucuz-homend-coffeebreak-5009h-ogutuculu-fiyati,923650556.html"
Karaca Just Coffee Aroma 2in1 Çay ve Filtre Kahve Makinesi,1.599.00 +124 FİYAT,"https://www.akakce.com/filtre-kahve-makinesi/en-ucuz-karaca-just-coffee-aroma-2-in-1-cay-ve-fiyati,1819501366.html"
Schafer Robusta Siyah Filtre Kahve Makinesi,1.269.00 +23 FİYAT,"https://www.akakce.com/filtre-kahve-makinesi/en-ucuz-schafer-robusta-filtre-siyah-fiyati,1627087655.html"
Philips HD7459/20 Daily Collection Filtre Kahve Makinesi,2.600.00 +34 FİYAT,"https://www.akakce.com/filtre-kahve-makinesi/en-ucuz-philips-hd7459-20-daily-collection-fiyati,448722999.html"
Kiwi KCM 7542 Filtre Kahve Makinesi,695.00 +19 FİYAT,"https://www.akakce.com/filtre-kahve-makinesi/en-ucuz-kiwi-kcm-7542-filtre-fiyati,1757287173.html"
Philips HD7461/20 Daily Collection Siyah Filtre Kahve Makinesi,2.149.85 +106 FİYAT,"https://www.akakce.com/filtre-kahve-makinesi/en-ucuz-philips-hd7461-20-daily-collection-siyah-fiyati,292246497.html"
Electrolux E5CM1-6ST Aroma Zaman Ayarlı Filtre Kahve Makinesi,3.199.20 +32 FİYAT,"https://www.akakce.com/filtre-kahve-makinesi/en-ucuz-electrolux-e5cm1-6st-create-5-aroma-zaman-ayarli-fiyati,399998757.html"
Onvo OVCM03 Filtre Kahve Makinesi,1.800.00 +10 FİYAT,"https://www.akakce.com/filtre-kahve-makinesi/en-ucuz-onvo-ovcm03-fiyati,1154680051.html"
Delonghi BCO431.S Combi Barista Filtre Kahve Makinesi,13.829.00 +22 FİYAT,"https://www.akakce.com/filtre-kahve-makinesi/en-ucuz-delonghi-bco431-s-combi-barista-kahve-makinesi-fiyati,297176498.html"
Bosch TKA6A044 ComfortLine Filtre Kahve Makinesi,2.099.00 +35 FİYAT,"https://www.akakce.com/filtre-kahve-makinesi/en-ucuz-bosch-tka6a044-comfortline-fiyati,47644340.html"
Vestel Keyif 20 Filtre Kahve Makinesi,1.667.60 +23 FİYAT,"https://www.akakce.com/filtre-kahve-makinesi/en-ucuz-vestel-keyif-20-fiyati,480631459.html"
Krups Grind Aroma KM8328 Öğütücülü Filtre Kahve Makinesi,7.999.00 +15 FİYAT,"https://www.akakce.com/filtre-kahve-makinesi/en-ucuz-tefal-grind-aroma-km8328-ogutuculu-filtre-fiyati,1231549432.html"
Grundig FK 4311 B Filtre Kahve Makinesi,1.780.00 +10 FİYAT,"https://www.akakce.com/filtre-kahve-makinesi/en-ucuz-grundig-fk-4311-b-fiyati,354905113.html"
Karaca Hatır Plus 2 in 1 Filtre Kahve Makinesi,3.969.00 +42 FİYAT,"https://www.akakce.com/filtre-kahve-makinesi/en-ucuz-karaca-hatir-plus-2-in-1-filtre-fiyati,704213106.html"
Bosch TKA6M273 Filtre Kahve Makinesi,2.990.00 +27 FİYAT,"https://www.akakce.com/filtre-kahve-makinesi/en-ucuz-bosch-tka6m273-fiyati,630316201.html"
Siemens TC86303 Filtre Kahve Makinesi,5.790.40 +10 FİYAT,"https://www.akakce.com/filtre-kahve-makinesi/en-ucuz-siemens-tc86303-fiyati,4605025.html"
Bosch TKA4M233 Filtre Kahve Makinesi,2.490.00 +24 FİYAT,"https://www.akakce.com/filtre-kahve-makinesi/en-ucuz-bosch-tka4m233-fiyati,630309980.html"
Karaca Hatır Plus Mod 5in1 Çay ve Filtre Kahve Makinesi,5.499.00 +82 FİYAT,"https://www.akakce.com/filtre-kahve-makinesi/en-ucuz-karaca-hatir-plus-mod-5-in-1-cay-ve-fiyati,1219709488.html"
Karaca Coffee Artisan 01 Öğütücülü Filtre Kahve Makinesi,4.209.29 +18 FİYAT,"https://www.akakce.com/filtre-kahve-makinesi/en-ucuz-karaca-coffee-artisan-01-ogutuculu-fiyati,669556693.html"
Philips HD7900/01 All-in-1 Brew Öğütücülü Filtre Kahve Makinesi,9.819.74 +8 FİYAT,"https://www.akakce.com/filtre-kahve-makinesi/en-ucuz-philips-hd7900-01-all-in-1-brew-ogutuculu-fiyati,328132720.html"
Delonghi ICM16731 Filtre Kahve Makinesi,5.457.11 +23 FİYAT,"https://www.akakce.com/filtre-kahve-makinesi/en-ucuz-delonghi-icm16731-fiyati,497331497.html"
Vestel Taze Mini Filtre Kahve Makinesi,4.999.00 +10 FİYAT,"https://www.akakce.com/filtre-kahve-makinesi/en-ucuz-vestel-taze-mini-fiyati,353359777.html"
Homend Coffeebreak 5046H Filtre Kahve Makinesi,2.022.00 +21 FİYAT,"https://www.akakce.com/filtre-kahve-makinesi/en-ucuz-homend-coffeebreak-5046h-filtre-fiyati,1888614580.html"
Delonghi ICM16210.WS Beyaz Filtre Kahve Makinesi,3.799.00 +20 FİYAT,"https://www.akakce.com/filtre-kahve-makinesi/en-ucuz-delonghi-icm-16210-ws-fiyati,250624094.html"
Philips HD7546/20 Metal Therm Filtre Kahve Makinesi,3.332.00 +28 FİYAT,"https://www.akakce.com/filtre-kahve-makinesi/en-ucuz-philips-hd7546-20-metal-therm-fiyati,111604.html"
Sinbo SCM-2953 Filtre Kahve Makinesi,773.14 +21 FİYAT,"https://www.akakce.com/filtre-kahve-makinesi/en-ucuz-sinbo-scm-2953-fiyati,510080967.html"
Homend Coffeebreak 5006H Filtre Kahve Makinesi,1.999.00 +14 FİYAT,"https://www.akakce.com/filtre-kahve-makinesi/en-ucuz-homend-coffeebreak-5006-fiyati,106327262.html"
Tchibo Let's Brew Filtre Kahve Makinesi,2.687.16 +58 FİYAT,"https://www.akakce.com/filtre-kahve-makinesi/en-ucuz-tchibo-let-s-brew-filtre-fiyati,1685845505.html"
Braun KF570 CafHouse Pure AromaDeluxe Filtre Kahve Makinesi,1.931.60 +37 FİYAT,"https://www.akakce.com/filtre-kahve-makinesi/en-ucuz-braun-kf570-cafhouse-pure-aromadeluxe-fiyati,2566541.html"
